proef,mass,stiffness,damping,depth,length,speed,profile,pulseCount,intervalMs,frequency,cycles,max_reactie_N,max_relatief_m,eind_tijd_s
1,10,200000,0.05,1,0.15,36,repeat,5,20,22,12,209.1303264098558,0.0010194458671522516,0.915
2,10,200000,0.05,1,0.15,36,repeat,5,23.333333333333332,22,12,213.60394876978307,0.0010410492547209354,0.915
3,10,200000,0.05,1,0.15,36,repeat,5,26.666666666666668,22,12,272.2631007833292,0.0013330229191980004,0.915
4,10,200000,0.05,1,0.15,36,repeat,5,30,22,12,314.39426026668946,0.0015435069890220939,0.915
5,10,200000,0.05,1,0.15,36,repeat,5,33.333333333333336,22,12,330.73131195508324,0.0016240613791912925,0.915
6,10,200000,0.05,1,0.15,36,repeat,5,36.66666666666667,22,12,402.58190999536373,0.0019839767590280077,0.915
7,10,200000,0.05,1,0.15,36,repeat,5,40,22,12,487.85790873276,0.002410499824796793,0.915
8,10,200000,0.05,1,0.15,36,repeat,5,43.33333333333333,22,12,528.8388482051706,0.002631010537833291,0.915
9,10,200000,0.05,1,0.15,36,repeat,5,46.66666666666667,22,12,501.5665489674216,0.0024740987875968303,0.915
10,10,200000,0.05,1,0.15,36,repeat,5,50,22,12,340.3504762502562,0.0016728430588231272,0.915
11,10,200000,0.05,1,0.15,36,repeat,5,53.333333333333336,22,12,263.417390061057,0.0012894823494737626,0.915
12,10,200000,0.05,1,0.15,36,repeat,5,56.666666666666664,22,12,210.82376122693634,0.0010282574254278079,0.915
13,10,200000,0.05,1,0.15,36,repeat,5,60,22,12,184.3720120813775,0.0009173103677849228,0.915
14,10,200000,0.05,1,0.15,36,repeat,5,63.333333333333336,22,12,184.37189704707737,0.0009173099625933449,0.915
15,10,200000,0.05,1,0.15,36,repeat,5,66.66666666666666,22,12,184.37179647917404,0.0009173096065199658,0.915
16,10,200000,0.05,1,0.15,36,repeat,5,70,22,12,227.98593098330775,0.0011129527909188404,0.915
17,10,200000,0.05,1,0.15,36,repeat,5,73.33333333333334,22,12,266.4233464487029,0.001304831786315954,0.915
18,10,200000,0.05,1,0.15,36,repeat,5,76.66666666666666,22,12,284.0536212187864,0.0013937153259596016,0.915
19,10,200000,0.05,1,0.15,36,repeat,5,80,22,12,314.4855300716148,0.0015451588919964184,0.915
20,10,200000,0.05,1,0.15,36,repeat,5,83.33333333333334,22,12,335.4106355351283,0.0016513659956014636,0.915
21,10,200000,0.05,1,0.15,36,repeat,5,86.66666666666667,22,12,353.07435912708473,0.001756527681058184,0.915
22,10,200000,0.05,1,0.15,36,repeat,5,90,22,12,372.8363308370437,0.0018548337475806555,0.915
23,10,200000,0.05,1,0.15,36,repeat,5,93.33333333333333,22,12,309.6704701916706,0.0015194113518186662,0.915
24,10,200000,0.05,1,0.15,36,repeat,5,96.66666666666667,22,12,250.64345067103812,0.0012256248059125188,0.915
25,10,200000,0.05,1,0.15,36,repeat,5,100,22,12,215.00482973925426,0.0010484483580408346,0.915